LinkID,PositionX (m),PositionY (m),PositionZ (m),HighLevelCmd
A219BS010380,-8.305889861827191,1060.164551249329,-0.5622838759144317,0
A219BS010380,-8.064300359082024,1060.602274327354,-0.5565376486731077,0
A219BS010380,-7.822519578406253,1061.0398899899672,-0.5506566681890169,0
A219BS010380,-7.58064350667776,1061.477452083498,-0.5447085399073572,0
A219BS010380,-7.338496603435081,1061.9148607675115,-0.5385020594548472,0
A219BS010380,-7.096214802318374,1062.3521928997263,-0.5321668420141766,0
A219BS010380,-6.853865795488296,1062.7894868591914,-0.5257674745510307,0
A219BS010380,-6.61148330330781,1063.226761790363,-0.5193361408515899,0
A219BS010380,-6.369084126088056,1063.664027237989,-0.5128888782136702,0
A219BS010380,-6.12667663484089,1064.1012879595028,-0.5064336780985939,0
A219BS010380,-5.879027355107122,1064.5356247063714,-0.5018050101498966,0
A219BS010380,-5.628780364340736,1064.9684787453753,-0.4980868747915953,0
A219BS010380,-5.37745770082974,1065.4007168074147,-0.4954079701618891,0
A219BS010380,-5.125600054313184,1065.8326462641485,-0.4932468832058971,0
A219BS010380,-4.873952596503979,1066.2647022266185,-0.4921504014226816,0
A219BS010380,-4.622410314730408,1066.69682045128,-0.4915843665387118,0
A219BS010380,-4.370751074492057,1067.1288704056192,-0.4909033686690881,0
A219BS010380,-4.119033571301737,1067.5608863237665,-0.4901650902745784,0
A219BS010380,-3.8740411914013935,1067.996749056981,-0.4886121621166672,0
A219BS010380,-3.632422325189152,1068.434489261658,-0.4866534126691768,0
A219BS010380,-3.388562746869418,1068.870985959462,-0.4848817276286858,0
A219BS010380,-3.1435892832591,1069.3068588593408,-0.4832032526818438,0
A219BS010380,-2.899745567232787,1069.7433667096118,-0.4821361040572735,0
A219BS010380,-2.65646540592794,1070.1801895358883,-0.4813735036965235,0
A219BS010380,-2.41346617400564,1070.6171689405587,-0.4807626197996067,0
A219BS010380,-2.1673310034875923,1071.0523892250496,-0.4798784243195857,0
A219BS010380,-1.9195170651366469,1071.4866554993137,-0.4788512943977049,0
A219BS010380,-1.6736580775032648,1071.92203225091,-0.4781861858743159,0
A219BS010380,-1.4287748623032566,1072.357958822617,-0.477701425418076,0
A219BS010380,-1.1855000315628734,1072.7947846721804,-0.476970753314089,0
A219BS010380,-0.9430276673727926,1073.2320562407824,-0.4761175848723496,0
A219BS010380,-0.7035863656803114,1073.6709953694751,-0.4755659089972202,0
A219BS010380,-0.4609037795842395,1074.108151042207,-0.4752827057516716,0
A219BS010380,-0.2179787872407123,1074.5451721474185,-0.4753238748518198,0
A219BS010380,0.0250668847326783,1074.982126104066,-0.4755266179470305,0
A219BS010380,0.2702108298986059,1075.4179061366096,-0.4759842038102442,0
A219BS010380,0.512704523983711,1075.8551665445902,-0.4763636002254346,0
A219BS010380,0.7554703991353616,1076.292275997714,-0.476599929879462,0
A219BS010380,0.9983718044700052,1076.7293101840644,-0.476764998303341,0
A219BS010380,1.242502793916042,1077.1656587267737,-0.4768612667603977,0
A219BS010380,1.4872455148828272,1077.601664456885,-0.476923265695396,0
A219BS010380,1.7329976078158862,1078.0371016503475,-0.4763237921770704,0
A219BS010380,1.9792518130916223,1078.4722545010072,-0.4753948428830633,0
A219BS010380,2.2257559549798955,1078.907265435646,-0.4743017844720577,0
A219BS010380,2.471370454207927,1079.3427802652272,-0.4737093456131386,0
A219BS010380,2.716541352747857,1079.778545239501,-0.4733662634779104,0
A219BS010380,2.9605839192196903,1080.2149425647708,-0.4725915072654265,0
A219BS010380,3.2041129778083195,1080.6516269971128,-0.4720399883850579,0
A219BS010380,3.447386119664173,1081.0884541764003,-0.4715996619774363,0
A219BS010380,3.6845182932963167,1081.5286443180391,-0.4706140492051166,0
A219BS010380,3.922716956802186,1081.968258446057,-0.4697111920347228,0
A219BS010380,4.162523878250672,1082.406997858916,-0.4691045376287567,0
A219BS010380,4.403130549060284,1082.8452993751823,-0.4686454077675548,0
A219BS010380,4.643353102852542,1083.2838116826488,-0.4683610661542052,0
A219BS010380,4.883924396110113,1083.7221328300834,-0.4682043119876067,0
A219BS010380,5.124669310694228,1084.160358659324,-0.4681111006874529,0
A219BS010380,5.365549897684597,1084.598509897918,-0.4679242062153226,0
A219BS010380,5.606498042258052,1085.0366239664895,-0.4676906544287924,0
A219BS010380,5.847479829821652,1085.4747195178504,-0.4674338657596218,0
A219BS010380,6.088660437189953,1085.9127056866826,-0.4672591051783005,0
A219BS010380,6.329921366249003,1086.3506476369855,-0.4671483152029745,0
A219BS010380,6.571203045523311,1086.788578098976,-0.4668999056347828,0
A219BS010380,6.812495052068512,1087.2265028266645,-0.4665829569748149,0
A219BS010380,7.053335826889654,1087.6646759356888,-0.4663645274035799,0
A219BS010380,7.29395177445962,1088.1029725670824,-0.4661951637081785,0
A219BS010380,7.536676859709813,1088.5401047256998,-0.466100862414482,0
A219BS010380,7.7796004255177476,1088.97712645216,-0.4657112768880185,0
A219BS010380,8.022570650288973,1089.4141223130214,-0.4654155325467298,0
A219BS010380,8.26544642281644,1089.8511707337927,-0.4652231254735886,0
A219BS010380,8.506881297046183,1090.2890166144982,-0.4647915527880168,0
A219BS010380,8.747117328731802,1090.7275216190103,-0.4648920395432498,0
A219BS010380,8.98877812352191,1091.1652429658996,-0.4646043957022012,0
A219BS010380,9.23100138591192,1091.6026528965974,-0.4639382995866019,0
A219BS010380,9.473769071015768,1092.0397612137876,-0.4635258526562295,0
A219BS010380,9.71662586694317,1092.4768201533066,-0.463280784151471,0
A219BS010380,9.95994454134745,1092.9136219923332,-0.4628611307403541,0
A219BS010380,10.203179246366927,1093.350470685927,-0.4625493941351464,0
A219BS010380,10.446372125569324,1093.787342700303,-0.4622914020125326,0
A219BS010380,10.689185103090995,1094.2244260320674,-0.4621534134604185,0
A219BS010380,10.931376886305063,1094.6618538944392,-0.4620801707206278,0
A219BS010380,11.173514396600474,1095.0993118063495,-0.4620425540883709,0
A219BS010380,11.415624876217048,1095.536784680097,-0.4620226798594694,0
A219BS010380,11.65772189364092,1095.974265004263,-0.4620116416468668,0
A219BS010380,11.900687515080396,1096.4112635245906,-0.4620061380315806,0
A219BS010380,12.144663228767334,1096.847698916285,-0.4620033945371476,0
A219BS010380,12.387966427113804,1097.28450957741,-0.4620020277874195,0
A219BS010380,12.630808299873868,1097.7215768775295,-0.4620013470602157,0
A219BS010380,12.87342032491299,1098.1587718058013,-0.4620010079823285,0
A219BS010380,13.115917857600785,1098.5960302495623,-0.4620008390505416,0
A219BS010380,13.35797722709145,1099.0335313121188,-0.462287027386889,0
A219BS010380,13.600501090377236,1099.4707750882758,-0.4625235628590558,0
A219BS010380,13.843256174980958,1099.9078905467493,-0.462735370428147,0
A219BS010380,14.085831671385789,1100.345105729,-0.4628491833970313,0
A219BS010380,14.328317711788168,1100.7823705411947,-0.4629141937741604,0
A219BS010380,14.570759197300829,1101.2196600613588,-0.4629548998307112,0
A219BS010380,14.812567795264806,1101.6572998230274,-0.4631572791059111,0
A219BS010380,15.054061008465284,1102.0951136509825,-0.4634401736650521,0
A219BS010380,15.295758737966182,1102.5328146629306,-0.4636182008333378,0
A219BS010380,15.537558295449852,1102.9704594483155,-0.4637440027392133,0
A219BS010380,15.779408558637767,1103.4080762215742,-0.4638437958283183,0
A219BS010380,16.021485042588274,1103.8455678436894,-0.4640814870014625,0
A219BS010380,16.263674156225495,1104.2829970829675,-0.4643878530705641,0
A219BS010380,16.506641768474672,1104.7199944381566,-0.4646135867028957,0
A219BS010380,16.74999679343558,1105.1567761884476,-0.4647991640675995,0
A219BS010380,16.99286981378995,1105.5938261706117,-0.4648944240817804,0
A219BS010380,17.235502677151995,1106.031009531558,-0.4649447049844181,0
A219BS010380,17.478015911694087,1106.4682592660286,-0.4649725857994765,0
A219BS010380,17.720824060456433,1106.9053453018362,-0.4649866055261639,0
A219BS010380,17.96377903837318,1107.3423497396338,-0.4649937222799504,0
A219BS010380,18.20577132393336,1107.779887969762,-0.4651695221245446,0
A219BS010380,18.447283729403804,1108.2176912252376,-0.4654293278407167,0
A219BS010380,18.68905902725312,1108.655349330002,-0.4657271263571026,0
A219BS010380,18.930965214821363,1109.092935088574,-0.4660438455893421,0
A219BS010380,19.17293657842312,1109.5304848032672,-0.4663699874943518,0
A219BS010380,19.416468157983232,1109.9671681142024,-0.4666060118846341,0
A219BS010380,19.660775584681613,1110.4034178646025,-0.4667971554828629,0
A219BS010380,19.899460630955343,1110.8427687134315,-0.4673266065716633,0
A219BS010380,20.13973320380444,1111.2812534819236,-0.4677721814613844,0
A219BS010380,20.38079513875186,1111.7193048264724,-0.4681759865378105,0
A219BS010380,20.62224985325399,1112.1571398115432,-0.468558991371677,0
A219BS010380,20.86687951034019,1112.5932089405017,-0.4687726344032527,0
A219BS010380,21.112605009600813,1113.028661540233,-0.4688839904493704,0
A219BS010380,21.357020673474107,1113.4648506567348,-0.4690786666136348,0
A219BS010380,21.600783282361878,1113.9014050459402,-0.4693148311546384,0
A219BS010380,21.844220502844905,1114.3381409543854,-0.4695716543455828,0
A219BS010380,22.083637776815305,1114.7770934996051,-0.4697504549390349,0
A219BS010380,22.325995898212515,1115.2144291400482,-0.4700307958274088,0
A219BS010380,22.56981429341148,1115.6509523131674,-0.4703616924208566,0
A219BS010380,22.813203985610656,1116.0877146557366,-0.4706991010436653,0
A219BS010380,23.05638013611029,1116.5245959254028,-0.4710397519296984,0
A219BS010380,23.29944994114268,1116.9615363706994,-0.4713820171291876,0
A219BS010380,23.54042292501036,1117.399636783559,-0.4716040490034422,0
A219BS010380,23.78034980427732,1117.8383109978774,-0.4717662131860795,0
A219BS010380,24.021434551719004,1118.2763499621003,-0.4718680633126776,0
A219BS010380,24.263138854379868,1118.7140473399002,-0.4720565903479923,0
A219BS010380,24.50515144921238,1119.1515743108007,-0.4722882735041228,0
A219BS010380,24.747317496350025,1119.5890163544116,-0.4725414439229024,0
A219BS010380,24.989055271430768,1120.0266950250068,-0.4730204062447327,0
A219BS010380,25.232155670032714,1120.4636184551955,-0.4733555950768645,0
A219BS010380,25.47593363058948,1120.9001642562982,-0.4736191979384111,0
A219BS010380,25.71917114631524,1121.3370114022025,-0.4739056573205464,0
A219BS010380,25.962139438750302,1121.7740083360163,-0.4742034966610649,0
A219BS010380,26.204973652303572,1122.2110797862535,-0.4745070019628465,0
A219BS010380,26.446761721310995,1122.6487308961396,-0.4746959497718225,0
A219BS010380,26.68802839987318,1123.0866696731568,-0.4748278596045611,0
A219BS010380,26.927645186335308,1123.5255132354152,-0.4751792994169229,0
A219BS010380,27.16815585105834,1123.963867617174,-0.4754162540069716,0
A219BS010380,27.409111190622557,1124.4019777539572,-0.4755962073089512,0
A219BS010380,27.650287834262464,1124.8399661140631,-0.4757477803500377,0
A219BS010380,27.894118135853237,1125.2764826712755,-0.4760293929205278,0
A219BS010380,28.139266332152765,1125.7122604149583,-0.476375747980073,0
A219BS010380,28.38149447559952,1126.1496680646192,-0.4766487691371645,0
A219BS010380,28.62468359665909,1126.5865422124696,-0.47682294804445,0
A219BS010380,28.86733806600622,1127.023713512072,-0.4770745627026526,0
A219BS010380,29.109726214553525,1127.4610325046242,-0.4773647296011705,0
A219BS010380,29.35198173800141,1127.898424966442,-0.4776740901586417,0
A219BS010380,29.594711007784834,1128.3355547818162,-0.4778356493950447,0
A219BS010380,29.83751028067759,1128.772645617189,-0.4781743467106119,0
A219BS010380,30.080143068072136,1129.2098288767174,-0.4785322142666197,0
A219BS010380,30.322692955480477,1129.647058126799,-0.4788996259291003,0
A219BS010380,30.565201566893094,1130.0843102678862,-0.4792717892297764,0
A219BS010380,30.809197081693323,1130.5207344896132,-0.4795675041350846,0
A219BS010380,31.05088577642802,1130.9584404908833,-0.479744392805829,0
A219BS010380,31.29142346559159,1131.3967800923708,-0.4798621199525122,0
A219BS010380,31.532576192485987,1131.834781594314,-0.4800780060054633,0
A219BS010380,31.774034935617674,1132.2726144451492,-0.4803427603608085,0
A219BS010380,32.01564598397577,1132.7103632518204,-0.4806318437303654,0
A219BS010380,32.26082658262255,1133.1461228685637,-0.4808063803757109,0
A219BS010380,32.50651159584552,1133.5815983156417,-0.4809026603138441,0
A219BS010380,32.748743314489374,1134.019003802094,-0.4813873294171964,0
A219BS010380,32.989723069802864,1134.4571004655638,-0.4816537606894585,0
A219BS010380,33.230078821748364,1134.8955398429125,-0.481811548163731,0
A219BS010380,33.471706032967354,1135.3332798150354,-0.4818987508579497,0
A219BS010380,33.71329399511502,1135.7710413274456,-0.4815599326957031,0
A219BS010380,33.95209713343023,1136.21032825012,-0.4813135631167838,0
A219BS010380,34.194684624165866,1136.6475366709326,-0.4809878190603464,0
A219BS010380,34.43914931233734,1137.083698203888,-0.4806225694965113,0
A219BS010380,34.68465600764897,1137.5192738876046,-0.4800874882646105,0
A219BS010380,34.93205826082086,1137.9537754253806,-0.4793534611142293,0
A219BS010380,35.18006534765108,1138.3879325303997,-0.4790484307289857,0
A219BS010380,35.42837325716821,1138.8219177533065,-0.4789569436791522,0
A219BS010380,35.67683084639958,1139.255817310962,-0.4789717524965233,0
A219BS010380,35.92309699845868,1139.690964258309,-0.4786303362566224,0
A219BS010380,36.165453752373935,1140.128300236539,-0.4779625211736367,0
A219BS010380,36.41819898955178,1140.5597161350336,-0.4775531191508074,0
A219BS010380,36.67174777947457,1140.9906602174608,-0.4770960090436223,0
A219BS010380,36.92569609103,1141.421368963416,-0.4766151598219479,0
A219BS010380,37.17440489365791,1141.8551241651976,-0.4760181482521861,0
A219BS010380,37.41979982755938,1142.2907624976456,-0.4752633520119053,0
A219BS010380,37.66431326492514,1142.726778245421,-0.4854342241169214,0
A219BS010380,37.90855143825432,1143.1628636860485,-0.4987459919040193,0
A219BS010813,38.004958513367455,1143.33499780111,-0.5040004882812497,3
A219BS010813,38.288087762841926,1143.7471100034925,-0.5051669956976783,3
A219BS010813,38.57121701231638,1144.1592222058748,-0.5063335031141069,3
A219BS010813,38.85434626179083,1144.5713344082571,-0.5075000105305354,3
A219BS010813,39.13747551126527,1144.9834466106397,-0.5086665179469638,3
A219BS010813,39.42060476073971,1145.3955588130218,-0.5098330253633923,3
A219BS010813,39.70375034595515,1145.8076593939531,-0.5111325518470825,3
A219BS010813,39.9869040913558,1146.2197541529729,-0.5124985878321383,3
A219BS010813,40.31892509268373,1146.593601721407,-0.5127227595786129,3
A219BS010813,40.673675465886085,1146.9459538856815,-0.5123691442290982,3
A219BS010813,41.03921233208675,1147.2871025179288,-0.5117287037529002,3
A219BS010813,41.409962186179406,1147.6225782006152,-0.5109463889812441,3
A219BS010813,41.80883930249608,1147.924067699548,-0.509884262734178,3
A219BS010813,42.22054616342916,1148.2077859136984,-0.5086860891484025,3
A219BS010813,42.63829278873344,1148.4825333580566,-0.5074216266035879,3
A219BS010813,43.058942625001066,1148.7528147545763,-0.5061247290645441,3
A219BS010813,43.48100433710008,1149.0208859908216,-0.5048119160072962,3
A219BS010813,43.903756855042936,1149.2878664479642,-0.5034912809519451,3
A219BS010813,44.35618408408863,1149.500725047757,-0.5025863432413922,3
A219BS010813,44.8207935357825,1149.6854886176534,-0.5018930641669116,3
A219BS010813,45.29073196968014,1149.856244354814,-0.5013043600134035,3
A219BS010813,45.76311690620757,1150.0201107114606,-0.5007668645502987,3
A219BS010813,46.258515307187295,1150.0877888916514,-0.5004698244761547,3
A219BS010813,46.75816483058198,1150.1065058336749,-0.5002970449860213,3
A219BS010813,47.25814120717361,1150.101646801813,-0.5001845297519947,3
A219BS010813,47.75788274150095,1150.0855722301458,-0.500100780923131,3
A219BS010813,48.25646290654306,1150.0481121590517,-0.5039168129189573,3
A219BS010813,48.75416008253546,1150.000515810799,-0.5095832617369879,3
A219BS010813,49.2513640124243,1149.9481188854356,-0.5161265266388055,3
A219BS010813,49.74831736579117,1149.8934476841162,-0.5230852854151514,3
A219BS010813,50.24518820571386,1149.8380484503118,-0.5301770643462438,3
A219BS010398,50.44295853149379,1149.8159978012554,-0.5329998168945309,0
A219BS010398,50.88394849232565,1149.5803543111151,-0.5329998168945309,0
A219BS010398,51.32493845315752,1149.3447108209748,-0.5329998168945309,0
A219BS010398,51.76592151520665,1149.10905442071,-0.5329998168945309,0
A219BS010398,52.20690457725577,1148.8733980204452,-0.5329998168945309,0
A219BS010398,52.64788763930489,1148.6377416201803,-0.5329998168945309,0
A219BS010398,53.08887070135401,1148.4020852199155,-0.5329998168945309,0
A219BS010398,53.52988053514788,1148.1664789243775,-0.5329998168945309,0
A219BS010398,53.97090375267939,1147.9308976823438,-0.5329998168945309,0
A219BS010398,54.41193366154597,1147.6953289673472,-0.5329998168945309,0
A219BS010398,54.852966915946624,1147.4597665159404,-0.5329998168945309,0
A219BS010398,55.29254779501867,1147.2215056308207,-0.533633359493422,0
A219BS010398,55.73139601168818,1146.9818989956195,-0.5345836718379632,0
A219BS010398,56.16987629055264,1146.7416203743278,-0.5356923634315898,0
A219BS010398,56.60817220220785,1146.501005988284,-0.5368802418137775,0
A219BS010398,57.04637583200824,1146.2602237793358,-0.5381077123146797,0
A219BS010398,57.48453329693762,1146.0193576749243,-0.5393549782913205,0
A219BS010398,57.92218948150034,1145.777580565793,-0.5403002898650004,0
A219BS010398,58.359594262060455,1145.5353483900335,-0.5410946260752189,0
A219BS010398,58.79687315181784,1145.2928887937564,-0.5418134763476014,0
A219BS010398,59.234109740907904,1145.0503524958644,-0.5423696828611374,0
A219BS010398,59.67132515789943,1144.8077778606955,-0.5428445698338652,0
A219BS010398,60.10852998355672,1144.5651840605528,-0.5432787982189973,0
A219BS010398,60.54567665031405,1144.3224854000034,-0.5436685552193411,0
A219BS010398,60.98279422774729,1144.079734316738,-0.5440360771679362,0
A219BS010398,61.41989725826393,1143.8369570243717,-0.5443924819142019,0
A219BS010398,61.85705196711258,1143.5942730097784,-0.5448716399335364,0
A219BS010398,62.29423249703448,1143.3516356423318,-0.5454121727745641,0
A219BS010398,62.73142593277972,1143.109021600179,-0.5459833921200428,0
A219BS010398,63.16858083203279,1142.8663379266843,-0.5464615952408296,0
A219BS010398,63.605716453779294,1142.623619443996,-0.5468932916038769,0
A219BS010398,64.04284243459973,1142.3808835585864,-0.5473017352696368,0
A219BS010398,64.48025059412379,1142.1386568500116,-0.5478706243310277,0
A219BS010398,64.91779959974726,1141.8966848550715,-0.5485197334909306,0
A219BS010398,65.35541896648952,1141.6548402462197,-0.5492089514106261,0
A219BS010398,65.79307349776842,1141.413059336748,-0.5499182230792397,0
A219BS010398,66.23102469982557,1141.1718159589952,-0.550532476303193,0
A219BS010398,66.66912397935293,1140.9308414788577,-0.5510992213477606,0
A219BS010398,67.10729723191956,1140.6900014782443,-0.5516422129554055,0
A219BS010398,67.54550745399479,1140.449228724002,-0.5521733281967715,0
A219BS010398,67.9837361562805,1140.208489594067,-0.5526985054366574,0
A219BS010398,68.4219740973903,1139.9677672763016,-0.5532207137679144,0
A219BS010398,68.85934796497071,1139.7254782529722,-0.5535800628663347,0
A219BS010398,69.29628768837215,1139.4824070681836,-0.5538579825110321,0
A219BS010398,69.73300981865341,1139.2389451108763,-0.5540951885529437,0
A219BS010398,70.16962302448897,1138.9952878485874,-0.5543120385155389,0
A219BS010398,70.60618173724686,1138.7515329561202,-0.5545187108269374,0
A219BS010398,71.04271319630138,1138.5077292551234,-0.5547202945122476,0
A219BS010398,71.47883230390376,1138.263188644316,-0.5548371279791742,0
A219BS010398,71.91474477251377,1138.0182798568744,-0.554911587830945,0
A219BS010398,72.35059716914223,1137.7732641747434,-0.5549737413106253,0
A219BS010663,72.52895856491523,1137.6729978015646,-0.5549991760253903,2
A219BS010663,72.98290008500085,1137.4633860262695,-0.5549991760253903,2
A219BS010663,73.43684160508647,1137.2537742509744,-0.5549991760253903,2
A219BS010663,73.8907831251721,1137.0441624756793,-0.5549991760253903,2
A219BS010663,74.34472464525774,1136.8345507003842,-0.5549991760253903,2
A219BS010663,74.79866616534338,1136.624938925089,-0.5549991760253903,2
A219BS010663,75.25260768542903,1136.415327149794,-0.5549991760253903,2
A219BS010663,75.73935927936553,1136.3009910260987,-0.5546295564463571,2
A219BS010663,76.22611087330202,1136.1866549024037,-0.5542599368673239,2
A219BS010663,76.71286246723851,1136.0723187787082,-0.5538903172882905,2
A219BS010663,77.199614061175,1135.957982655013,-0.5535206977092573,2
A219BS010663,77.6927897823588,1135.875656055779,-0.553718418250584,2
A219BS010663,78.18839481157599,1135.809509076609,-0.5542002494544379,2
A219BS010663,78.6850140540986,1135.751466512713,-0.5548237337494472,2
A219BS010663,79.1820895898747,1135.6974717907658,-0.5555178048802064,2
A219BS010663,79.67938031153827,1135.6454967357674,-0.5562470546736612,2
A219BS010663,80.17923860055873,1135.6335953393195,-0.5560287427052959,2
A219BS010663,80.67917108089307,1135.6417828959857,-0.5553366281267749,2
A219BS010663,81.17883974265878,1135.659958934818,-0.5544092330540608,2
A219BS010663,81.67830316168315,1135.6830933869549,-0.5533651158110697,2
A219BS010663,82.17434207547429,1135.7459033354469,-0.5528116039740819,2
A219BS010663,82.66749968921641,1135.8283379964384,-0.5525039103762794,2
A219BS010663,83.15894266133486,1135.920445382958,-0.5523181580670021,2
A219BS010663,83.64946747635587,1136.017323606102,-0.5521927425200537,2
A219BS010663,84.13952124207594,1136.1165571567185,-0.5520971619108253,2
A219BS010663,84.61716550691395,1136.2643926215087,-0.5528919056341668,2
A219BS010663,85.08684783004577,1136.4358481291383,-0.5541265071546478,2
A219BS010663,85.5521791128239,1136.618781708253,-0.5555766452407003,2
A219BS010663,86.01526945627744,1136.8073152954228,-0.5571323794604934,2
A219BS010663,86.47723453285964,1136.998589140793,-0.5587398917249213,2
A219BS010663,86.9386411005779,1137.1912061515854,-0.5603728093186919,2
A219BS010663,87.3997201160678,1137.3846065003122,-0.561936966351549,2
A219BS010663,87.84255806577985,1137.616745324353,-0.5644101561489505,2
A219BS010663,88.27520367539556,1137.8673631213046,-0.5673250028551856,2
A219BS010663,88.70257637564772,1138.126868001536,-0.5704542544061723,2
A219BS010663,89.12730459959955,1138.3906775534288,-0.5736878451095516,2
A219BS010663,89.55132481070001,1138.6556232559049,-0.5769490286026412,2
A219BS010395,89.68795858934755,1138.7409978006035,-0.5779998931884762,0
A219BS010395,90.09266551729591,1139.034608709092,-0.5802218038873247,0
A219BS010395,90.49737244524428,1139.3282196175803,-0.5824437145861733,0
A219BS010395,90.90207937319263,1139.621830526069,-0.5846656252850218,0
A219BS010395,91.27684834681186,1139.9528053625656,-0.586633877935496,0
A219BS010395,91.65161732043109,1140.2837801990622,-0.5886021305859703,0
A219BS010395,92.00317049431656,1140.6393154457871,-0.5908503003483283,0
A219BS010395,92.35472366820206,1140.994850692512,-0.5930984701106862,0
A219BS010395,92.68597382825824,1141.369376770009,-0.5949822794265415,0
A219BS010395,93.00666783075414,1141.7529813448862,-0.5966813663868098,0
A219BS010395,93.32199625107454,1142.1410089302967,-0.5982876972111223,0
A219BS010395,93.61929635036992,1142.54301886082,-0.599104226199586,0
A219BS010395,93.9073567833718,1142.951700900382,-0.5995255076855028,0
A219BS010395,94.19075411233308,1143.3636303891396,-0.5997496273458711,0
A219BS010395,94.45759156103604,1143.7864732542512,-0.6010486246105833,0
A219BS010395,94.71601174968886,1144.2145102166608,-0.6028829931084515,0
A219BS010395,94.97020206831304,1144.6450713259703,-0.6049837233661498,0
A219BS010395,95.2186796626754,1145.0789586860474,-0.6057861355843529,0
A219BS010395,95.46429640575712,1145.514472625183,-0.6059421364712704,0
A219BS010395,95.70848502769684,1145.950788897445,-0.6057763805326545,0
A219BS010395,95.9519618120538,1146.387502704492,-0.6054504762991976,0
A219BS010395,96.19551039278656,1146.824173877518,-0.603909219936104,0
A219BS010395,96.43909416970256,1147.26082286422,-0.6017630523018789,0
A219BS010395,96.68269533112525,1147.6974605688915,-0.5993158063432137,0
A219BS010395,96.92630511216208,1148.1340925989314,-0.5967187067013885,0
A219BS010395,97.1699191751946,1148.570721789882,-0.5940470213450402,0
A219BS010395,97.41353536744958,1149.0073495641109,-0.5913382129004319,0
A219BS010395,97.65599474421067,1149.4446241050634,-0.5892342986738572,0
A219BS010395,97.8978775757416,1149.8822191754134,-0.5874314631303277,0
A219BS010395,98.13947325803456,1150.319973437475,-0.5857784826828284,0
A219BS010395,98.38083127635636,1150.7578610932646,-0.5849371153759513,0
A219BS010395,98.62207074026816,1151.1958146635498,-0.5844997069161492,0
A219BS010395,98.86325113186945,1151.633800922291,-0.5842633573166786,0
A219BS010395,99.10616229214791,1152.0708291420035,-0.5849728549381028,0
A219BS010395,99.34993316028074,1152.5073773877025,-0.5861531205315701,0
A219BS010395,99.59413148681668,1152.9436859669224,-0.587567693291281,0
A219BS010395,99.83854245830214,1153.3798750686592,-0.5890988835719969,0
A219BS010395,100.08305923957089,1153.8160046572204,-0.590688115885337,0
A219BS010395,100.3276286772588,1154.252104613463,-0.5923062364931053,0
A219BS010395,100.5724733890386,1154.688052314948,-0.5931239671165396,0
A219BS010395,100.81745483887956,1155.123923756279,-0.5935433307746044,0
A219BS010395,101.06250427818972,1155.5597571228454,-0.5937644216885891,0
A219BS010395,101.30763156816325,1155.995546763847,-0.5937419290619069,0
A219BS010395,101.55279758083964,1156.4313145983308,-0.5935982017031886,0
A219BS010395,101.79798286021588,1156.8670715685948,-0.5933941342418656,0
A219BS010395,102.04158164544354,1157.303717394028,-0.593628585542381,0
A219BS010395,102.28438953421804,1157.740803340043,-0.5940812939931654,0
A219BS010395,102.5268034716688,1158.1781077738538,-0.5946426307506836,0
A219BS010395,102.76902125843024,1158.61552081099,-0.5952580326046073,0
A219BS010395,103.01114140011843,1159.052987866237,-0.5959003430676098,0
A219BS010395,103.253456011179,1159.4903475938786,-0.5955874475287799,0
A219BS010395,103.49580555943514,1159.927687806123,-0.5951024587873078,0
A219BS010658,103.54695860884384,1160.0199978007004,-0.595000091552734,2
A219BS010658,103.77263584194544,1160.4661700483673,-0.594665619719791,2
A219BS010658,103.99831307504704,1160.9123422960342,-0.594331147886848,2
A219BS010658,104.22399030814864,1161.3585145437012,-0.593996676053905,2
A219BS010658,104.4496675412502,1161.804686791368,-0.593662204220962,2
A219BS010658,104.6754019363308,1162.250830121602,-0.5933278909919224,2
A219BS010658,104.90116491101172,1162.696958990373,-0.592993657066893,2
A219BS010658,105.12694217514525,1163.1430806277262,-0.592659462794383,2
A219BS010658,105.35272658391816,1163.5891986491988,-0.592325288348261,2
A219BS010658,105.57851456498904,1164.035314862688,-0.5919911238153651,2
A219BS010658,105.80430433220342,1164.481430172175,-0.5916569642390902,2
A219BS010658,106.03004577352368,1164.9275699371794,-0.5913226705616715,2
A219BS010658,106.25576305090364,1165.3737219279797,-0.5909883098351522,2
A219BS010658,106.48146824606536,1165.8198800311868,-0.5906539155844508,2
A219BS010658,106.70716740005597,1166.2660411904749,-0.5903195045717508,2
A219BS010658,106.93286353344558,1166.7122038777725,-0.5899850851780744,2
A219BS010658,107.15855815653086,1167.1583673290672,-0.5896506615939157,2
A219BS010658,107.38432681119892,1167.6044933889648,-0.5894199028017246,2
A219BS010658,107.61013247569048,1168.0506007413687,-0.5892409764129297,2
A219BS010658,107.76455697681313,1168.5261527786129,-0.58741523658317,2
A219BS010658,107.88134423832196,1169.0123150352958,-0.5847702930892125,2
A219BS010658,107.97920590607144,1169.5026351565418,-0.5817251844611542,2
A219BS010658,108.06768517903656,1169.9947336389118,-0.5784845202194171,2
A219BS010658,108.15153472156004,1170.4876414620624,-0.5751480406893017,2
A219BS010658,108.17627950364738,1170.9870131904363,-0.5712018196648151,2
A219BS010658,108.17156793497573,1171.4869731134131,-0.5669737542084178,2
A219BS010658,108.15244439227912,1171.9865882399697,-0.562613085577934,2
A219BS010658,108.12629570186054,1172.4858844184312,-0.5581890418106132,2
A219BS010658,108.0967243549306,1172.9849893090136,-0.5537344220224055,2
A219BS010658,108.03583696164291,1173.481268160502,-0.5538984468561662,2
A219BS010658,107.95974072807574,1173.9754376725275,-0.5563184925322374,2
A219BS010658,107.876269791507,1174.4684084961684,-0.5598355633840296,2
A219BS010658,107.78922018754308,1174.960755896627,-0.5638857129357399,2
A219BS010658,107.70043272306798,1175.4527906687615,-0.5681949080371067,2
A219BS010658,107.54146676908914,1175.9268415224722,-0.5705642058118671,2
A219BS010658,107.34919116456132,1176.3883912401038,-0.571960650442389,2
A219BS010658,107.1411985820017,1176.8430759995874,-0.5728853630935885,2
A219BS010658,106.89848889907256,1177.280216335179,-0.5723050086063998,2
A219BS010658,106.63960244036431,1177.707973396362,-0.5710018948242119,2
A219BS010658,106.37310653917196,1178.131030387979,-0.5693537165820759,2
A219BS010658,106.10300579586148,1178.5517943385755,-0.5675408896340548,2
A219BS010658,105.77416116010669,1178.9284242003862,-0.5642013196373453,2
A219BS010658,105.4194655319461,1179.2808083587104,-0.5601496130994694,2
A219BS010658,105.0531486043195,1179.6210916343748,-0.5557677370938473,2
A219BS010658,104.68149641788256,1179.9555375623822,-0.5512319289044173,2
A219BS010658,104.30736398675806,1180.2872056060653,-0.5466240247844696,2
A219BS010658,103.93207102820666,1180.6175594305273,-0.5419822659499021,2
A219BS010658,103.55298797001664,1180.9435567172493,-0.5373127859784873,2
A219BS010658,103.1721379987008,1181.267487844602,-0.5326304702392654,2
A219BS010658,102.79046014606648,1181.590443006436,-0.5279421599491818,2
A219BS010658,102.4083934423103,1181.9129380099005,-0.5232510384179218,2
A219BS010658,102.02614388394107,1182.235216237694,-0.5185585958889221,2
A219BS010658,101.643808291816,1182.5573923853929,-0.5138655320407588,2
A219BS010658,101.26120748410106,1182.879250906797,-0.5089958158967802,2
A219BS010658,100.87851865156742,1183.20100386857,-0.5040674242315194,2
A219BS010391,100.71795860561542,1183.3359978008084,-0.5019996795654293,0
A219BS010391,100.2880602402138,1183.5913154869795,-0.5014757012561771,0
A219BS010391,99.84791024973516,1183.828524136964,-0.5012701430357296,0
A219BS010391,99.40925792250488,1184.068491055263,-0.5011520855700499,0
A219BS010391,98.97136093236236,1184.309833592962,-0.501077781305973,0
A219BS010391,98.53406736092988,1184.5522674126148,-0.5006588870674202,0
A219BS010391,98.09656282222473,1184.7943201416672,-0.5001539408952612,0
A219BS010391,97.65895293215544,1185.0361822590844,-0.4996059700889083,0
A219BS010391,97.2212552803463,1185.277884757288,-0.4987886801099987,0
A219BS010391,96.78351381830872,1185.519507409812,-0.497836734474938,0
A219BS010391,96.34571818240843,1185.7610324080788,-0.4970265499341424,0
A219BS010391,95.90789548173936,1186.0025085688185,-0.4962872439478831,0
A219BS010391,95.4701370605777,1186.2441010399782,-0.4954856324973495,0
A219BS010391,95.0324619700781,1186.4858445931118,-0.4947308646253139,0
A219BS010391,94.59482856469376,1186.7276636734666,-0.493999517904251,0
A219BS010391,94.15721600650951,1186.9695205134417,-0.4932798814287671,0
A219BS010391,93.71948252772022,1187.2111575924257,-0.4923188366096933,0
A219BS010391,93.28168866993435,1187.4526847501368,-0.4912370912525772,0
A219BS010391,92.84386464342454,1187.6941569378364,-0.4900949974334118,0
A219BS010391,92.40634026124062,1187.9361722681087,-0.4890975468147145,0
A219BS010391,91.96896596323847,1188.1784590147145,-0.4881724163591369,0
A219BS010391,91.53161149179608,1188.4207819800636,-0.4873681939120758,0
A219BS010391,91.094266944042,1188.6631230483033,-0.4866244236601237,0
A219BS010391,90.65692736065854,1188.9054731662306,-0.4859108785939741,0
A219BS010391,90.21975494680822,1189.1481249445112,-0.4852823361598529,0
A219BS010391,89.78266619794901,1189.390927502519,-0.4846962938848057,0
A219BS010391,89.34560686702595,1189.633782640779,-0.4839730554727889,0
A219BS010391,88.90840193777895,1189.8763757834795,-0.4833273336366384,0
A219BS010391,88.4711242744433,1190.1188378975132,-0.4827203690008278,0
A219BS010391,88.03385176279082,1190.3613098126236,-0.4823726107572589,0
A219BS010391,87.59661876314337,1190.6038527543376,-0.4818978013118394,0
A219BS010391,87.15953783194463,1190.8466700666,-0.4817862298444819,0
A219BS010391,86.72253308366167,1191.0896244760522,-0.4818562718581234,0
A219BS010391,86.28562194661666,1191.3327471903551,-0.4819204269175264,0
A219BS010391,85.84851544619441,1191.5752040819157,-0.4942720674374583,0
A219BS010391,85.41140270779306,1191.817405292278,-0.5107349841376817,0
A219BS010653,85.19195858231978,1191.9389977972023,-0.5189998779296872,1
A219BS010653,84.75549541898421,1192.1829233113997,-0.5195004523586768,1
A219BS010653,84.31903225564862,1192.4268488255966,-0.5200010267876665,1
A219BS010653,83.88256909231303,1192.6707743397938,-0.5205016012166561,1
A219BS010653,83.44610592897745,1192.914699853991,-0.5210021756456458,1
A219BS010653,83.00964276564186,1193.158625368188,-0.5215027500746354,1
A219BS010653,82.57321367682628,1193.4026118426812,-0.5220034496047882,1
A219BS010653,82.13678458801071,1193.6465983171745,-0.5225041491349409,1
A219BS010653,81.70035549919514,1193.8905847916674,-0.5230048486650937,1
A219BS010653,81.26392641037957,1194.1345712661605,-0.5235055481952465,1
A219BS010653,80.82749732156401,1194.3785577406536,-0.5240062477253993,1
A219BS010653,80.39105360015228,1194.6225180394606,-0.5245068935390252,1
A219BS010653,79.95460256303119,1194.8664652500956,-0.5250075124937124,1
A219BS010653,79.51814786820256,1195.1104059165625,-0.5255081180187612,1
A219BS010653,79.08169134455699,1195.3543433109242,-0.5260087168289488,1
A219BS010653,78.64523390651213,1195.5982790692285,-0.5265093122816952,1
A219BS010653,78.20877601126995,1195.8422140095029,-0.5270099060557184,1
A219BS010653,77.7723328918094,1196.0861753851898,-0.5275105540792212,1
A219BS010653,77.33589716084012,1196.3301499782476,-0.528011229226775,1
A219BS010653,76.89946512426653,1196.5741311799068,-0.5285119179361821,1
A219BS010653,76.46303493492832,1196.8181156858457,-0.5290126134264729,1
A219BS010653,76.02660566921716,1197.0621018439192,-0.5295133123071946,1
A219BS010653,75.59017686532188,1197.3060888280586,-0.5300140128831291,1
A219BS010653,75.15373330784328,1197.5500494204207,-0.530514522369028,1
A219BS010653,74.71728237417155,1197.7939968165597,-0.5310149363092229,1
A219BS010653,74.28082775255288,1198.037937614503,-0.5315153024763947,1
A219BS010653,73.8443712869982,1198.2818751133286,-0.532015644757012,1
A219BS010653,73.40791389948484,1198.5258109625895,-0.5325159750943417,1
A219BS010653,72.97145605099448,1198.7697459870667,-0.5330162994600247,1
A219BS010653,72.53499588141095,1199.013676858289,-0.5335167311096208,1
A219BS010653,72.09853455129567,1199.2576056528756,-0.5340172164011561,1
A219BS010653,71.66207264091827,1199.5015334091422,-0.5345177285136563,1
A219BS010653,71.22561044041072,1199.7454606462486,-0.5350182540366379,1
A219BS010653,70.78914809483828,1199.9893876237743,-0.53551878626486,1
A219BS010653,70.35268567673347,1200.23331447151,-0.5360193218457023,1
A219BS010653,69.91624005527262,1200.4772713711704,-0.5365199372730616,1
A219BS010653,69.47980283290963,1200.7212432963593,-0.5370205926227892,1
A219BS010653,69.0433698102895,1200.9652227342035,-0.5375212679334783,1
A219BS010653,68.60693888758932,1201.2092059283489,-0.5380219532245923,1
A219BS010653,68.17050901486122,1201.4531910006376,-0.538522643505905,1
A219BS010653,67.7340796671222,1201.6971770119965,-0.5390233362823132,1
A219BS010653,67.29763576005836,1201.9411369786808,-0.5395239781545088,1
A219BS010653,66.86118457391498,1202.185083922702,-0.5400245945739297,1
A219BS010653,66.42472974837759,1202.4290243553105,-0.5405251982667962,1
A219BS010653,65.98827310317964,1202.6729615321915,-0.5410257955963439,1
A219BS010653,65.55181554816055,1202.9168970812048,-0.5415263897442216,1
A219BS010653,65.11535753823317,1203.1608318162823,-0.5420269823012619,1
A219BS010653,64.67889721261764,1203.404762545193,-0.542455534062412,1
A219BS010653,64.24243573256985,1203.648691269114,-0.5428480654222614,1
A219BS010653,63.805973676158864,1203.892618990063,-0.5432225865810544,1
A219BS010653,63.36951133177951,1204.136546209407,-0.5435881026393621,1
A219BS010653,62.93304884346932,1204.3804731779187,-0.5439491161475012,1
A219BS010653,62.49658628320704,1204.6244000210067,-0.5443078783806049,1
A219BS010653,62.060109896193865,1204.8683020244396,-0.544727760979683,1
A219BS010653,61.62362659878027,1205.1121916063823,-0.5451782037584156,1
A219BS010653,61.18713984691036,1205.356074977165,-0.5456439266257034,1
A219BS010653,60.75065136799824,1205.5999552422636,-0.5461172895367845,1
A219BS010653,60.31416202561156,1205.8438339544944,-0.5465944724695647,1
A219BS010653,59.87767225149923,1206.0877118902847,-0.5470735654131077,1
A219BS010653,59.44119396856603,1206.3316103730078,-0.5475620866516092,1
A219BS010653,59.00472143164329,1206.575519128962,-0.548055322036943,1
A219BS010653,58.56825176783089,1206.8194330214724,-0.5485509144954801,1
A219BS010653,58.13178354059995,1207.0633494822462,-0.5490476854905415,1
A219BS010653,57.695316031666295,1207.307267227148,-0.5495450457538336,1
A219BS010653,57.25884888188289,1207.551185614113,-0.5500427006512272,1
A219BS010653,56.82240069585622,1207.7951379289414,-0.5505417034930064,1
A219BS010653,56.38596199269779,1208.0391072071477,-0.5510413803058213,1
A219BS010653,55.94952803122079,1208.283084966904,-0.5515413941038563,1
A219BS010653,55.51309644064632,1208.5270669674003,-0.552041576394423,1
A219BS010653,55.07666603553853,1208.7710510882584,-0.5525418429312341,1
A219BS010653,54.64023622316793,1209.015036269295,-0.5530421515911611,1
A219BS010653,54.20380698863083,1209.259022359672,-0.5535997749998364,1
A219BS010653,53.76737804516173,1209.503008903517,-0.5541860557790935,1
A219BS010653,53.3309491803739,1209.7469955694237,-0.5547800590535026,1
A219BS010384,53.169958533660974,1209.836997799575,-0.5549991760253903,0
A219BS010384,52.7293514808902,1210.072678637227,-0.5371115318967713,0
A219BS010384,52.28874442811942,1210.308359474879,-0.5192238877681519,0
A219BS010384,51.84813737534864,1210.5440403125303,-0.5013362436395322,0
A219BS010384,51.40763377197017,1210.780590177367,-0.5004778402701958,0
A219BS010384,50.96717582237415,1211.0172262882115,-0.5000961570592447,0
A219BS010384,50.52674085612354,1211.2539054380377,-0.4999528342041495,0
A219BS010384,50.086317420650026,1211.4906060863318,-0.4999286915009059,0
A219BS010384,49.64589976033863,1211.7273174785996,-0.4999641388410537,0
A219BS010384,49.20549065699999,1211.9640444851084,-0.5003463506723211,0
A219BS010384,48.76605098043439,1212.2025664277862,-0.5005776968914047,0
A219BS010384,48.32709878008705,1212.4419843500516,-0.5007336081288669,0
A219BS010384,47.88839100501192,1212.6818498834632,-0.5008518018806997,0
A219BS010384,47.45038176462548,1212.9229885885895,-0.5006779452797826,0
A219BS010384,47.01272323097256,1213.1647630818625,-0.5003580650046983,0
A219BS010384,46.575221519159385,1213.406821390129,-0.5001920536525563,0
A219BS010384,46.137798301468045,1213.6490215567053,-0.500102975484731,0
A219BS010384,45.70041435127973,1213.8912926394948,-0.5000523632395609,0
A219BS010384,45.26321938632065,1214.1339041638505,-0.4995931635022243,0
A219BS010384,44.82611912128525,1214.376685790188,-0.4989296736869709,0
A219BS010384,44.38928064247712,1214.6199373113238,-0.4980126689171463,0
A219BS010384,43.95212934933203,1214.8626274888716,-0.4975387243791834,0
A219BS010384,43.51482205128026,1215.105036777794,-0.4972863064784557,0
A219BS010384,43.07743685224344,1215.3473055698346,-0.4971446497366421,0
A219BS010384,42.6403703453265,1215.5901483543926,-0.4966441304343596,0
A219BS010384,42.203463548385855,1215.8332779257316,-0.4959641837496987,0
A219BS010384,41.76658774779645,1216.076462344011,-0.4950295364305155,0
A219BS010384,41.329737576899134,1216.3196941209978,-0.4945490672531321,0
A219BS010384,40.892900357633415,1216.562949500507,-0.4942956823480425,0
A219BS010384,40.45606964830075,1216.806216661931,-0.4941558370323191,0
A219BS010384,40.02036239760808,1217.0514903605415,-0.4942226485524399,0
A219BS010384,39.58522035499839,1217.2977653568491,-0.4943927869704735,0
A219BS010384,39.15036177775371,1217.5445404945788,-0.4946145869372579,0
A219BS010384,38.71471130436604,1217.7898114149395,-0.501744850780955,0
A219BS010384,38.27869792768155,1218.0343115349906,-0.5123291149125687,0
A219BS010384,37.84251139471254,1218.2784216550235,-0.5246399944052095,0
A219BS010384,37.4062542420852,1218.5223681294744,-0.5376712792427876,0
A219BS010677,37.09395850932924,1218.6969978003765,-0.5469997558593747,3
A219BS010677,36.67958969760704,1218.9768052648,-0.5444956143378046,3
A219BS010677,36.26522088588484,1219.2566127292234,-0.5419914728162345,3
A219BS010677,35.850852074162646,1219.536420193647,-0.5394873312946645,3
A219BS010677,35.436483262440454,1219.8162276580706,-0.5369831897730946,3
A219BS010677,35.02211445140413,1220.096035122287,-0.534478911619374,3
A219BS010677,34.607745640710746,1220.3758425864,-0.5319745651495783,3
A219BS010677,34.19337683018882,1220.6556500504612,-0.5294701845217449,3
A219BS010677,33.77900801975262,1220.9354575144964,-0.5269657868148927,3
A219BS010677,33.36463920935928,1221.2152649785187,-0.524461380568531,3
A219BS010677,32.95027039898739,1221.4950724425346,-0.5219569700524147,3
A219BS010677,32.535879125896535,1221.7748466421715,-0.5194529725356344,3
A219BS010677,32.1214766224477,1222.0546042089431,-0.5169491815245749,3
A219BS010677,31.707068504070318,1222.334353459113,-0.5144454937678886,3
A219BS010677,31.29265757829124,1222.6140985509394,-0.5119418576387669,3
A219BS010677,30.878245248827,1222.893841563584,-0.5094382473235218,3
A219BS010677,30.46383221752406,1223.1735835366346,-0.5069346499152386,3
A219BS010677,30.049493566855272,1223.4534371706484,-0.5046052527318491,3
A219BS010677,29.676877588782023,1223.7868356160527,-0.5029291004239722,3
A219BS010677,29.327978399727133,1224.144980246591,-0.5015951238830184,3
A219BS010677,28.991470588685104,1224.5147925552687,-0.5004334620125586,3
A219BS010677,28.743180811565047,1224.948787368615,-0.5012632608402181,3
A219BS010677,28.54427414623949,1225.4075169175878,-0.5030906601783491,3
A219BS010677,28.370204771101804,1225.876232766211,-0.5053941116544166,3
A219BS010677,28.20822641466097,1226.349261955455,-0.5079235716586875,3
A219BS010677,28.12113347276222,1226.841614836361,-0.5097837154500032,3
A219BS010677,28.07107563195149,1227.3391004167345,-0.5113035489335197,3
A219BS010677,28.03865996169453,1227.838046692925,-0.5126592027894683,3
A219BS010677,28.113723718309902,1228.332379774814,-0.5131456110264557,3
A219BS010677,28.239430984692834,1228.8163195228462,-0.5132043726546414,3
A219BS010677,28.38808630411625,1229.293709904682,-0.5130653116426669,3
A219BS010677,28.547129969882576,1229.7677405574018,-0.5128358304868358,3
A219BS010677,28.71089245603049,1230.240161741127,-0.512565093570428,3
A219BS010677,28.876803545486712,1230.7118326290883,-0.5122755334417692,3
A219BS010677,29.04526908599465,1231.182597167156,-0.5119418279029728,3
A219BS010677,29.21489890829404,1231.65294342065,-0.5115879763414355,3
A219BS010677,29.408341298688207,1232.1140070764277,-0.5109989775167436,3
A219BS010677,29.61249825497485,1232.5704273354525,-0.5103030239054971,3
A219BS010677,29.821503488279223,1233.0246478304025,-0.5095584309240829,3
A219BS010677,30.03271031656053,1233.4778487657625,-0.5087917000235023,3
A219BS010677,30.244918703314887,1233.9305815756552,-0.5080148874531377,3
A219BS010677,30.45758311969686,1234.3831003436758,-0.5072334822924945,3
A219BS010677,30.67042641595072,1234.8355349995395,-0.5064502752884068,3
A219BS010387,30.79295849922346,1235.0959977996536,-0.5059993896484372,0
A219BS010387,31.03104515682784,1235.5356681248809,-0.5081785145950664,0
A219BS010387,31.26898516466869,1235.9754201217177,-0.5098319796256787,0
A219BS010387,31.506925172509543,1236.415172118555,-0.511485444656291,0
A219BS010387,31.74753960383963,1236.8534602018856,-0.5143579776541078,0
A219BS010387,31.988154035169707,1237.2917482852165,-0.5172305106519246,0
A219BS010387,32.22876846649978,1237.7300363685474,-0.5201030436497414,0
A219BS010387,32.4669595143966,1238.1696538096287,-0.5213400557644886,0
A219BS010387,32.70495324067795,1238.609379153953,-0.522119677391315,0
A219BS010387,32.94646622044456,1239.0471812308097,-0.5230263769018171,0
A219BS010387,33.189733060311504,1239.4840110641503,-0.5239965958484945,0
A219BS010387,33.43449861603596,1239.9200015164415,-0.5254622839747212,0
A219BS010387,33.680090093987175,1240.355529084871,-0.5262126810903126,0
A219BS010387,33.92609399549431,1240.790824302141,-0.5266054474681774,0
A219BS010387,34.16813724672252,1241.2283343566671,-0.5264761292961142,0
A219BS010387,34.407936736565645,1241.6670778566572,-0.5270642512825637,0
A219BS010387,34.646611888884244,1242.106433379235,-0.5280110595545218,0
A219BS010387,34.88821169294171,1242.54418821777,-0.5284968771325247,0
A219BS010387,35.13192511255063,1242.9807701327402,-0.5284719070066957,0
A219BS010387,35.3766929824865,1243.4167616593325,-0.5281915737941208,0
A219BS010387,35.621987442047455,1243.8524570364575,-0.5277835779653955,0
A219BS010387,35.867062308121355,1244.2882760657471,-0.5274942202616536,0
A219BS010387,36.11202736547624,1244.7241568610953,-0.5272641727178989,0
A219BS010387,36.3566403576669,1245.1602353727917,-0.527138920686422,0
A219BS010387,36.601878350799,1245.5959625981288,-0.5268045190067268,0
A219BS010387,36.847428592391296,1246.031513842149,-0.5263655584676106,0
A219BS010387,37.093134883125046,1246.4669770178425,-0.5258743265448013,0
A219BS010387,37.34086700067059,1246.901290828712,-0.525316093301361,0
A219BS010387,37.58960987332886,1247.33502650071,-0.5247243686090738,0
A219BS010387,37.83959745070295,1247.7680459203928,-0.5240972032973235,0
A219BS010387,38.08818983533509,1248.2018677831682,-0.5234509209227524,0
A219BS010387,38.336083772166695,1248.636089116085,-0.5227950840961083,0
A219BS010387,38.58362830519005,1249.07050972766,-0.5221344715120021,0
A219BS010387,38.83750308498469,1249.5012604520066,-0.5209471808350759,0
A219BS010387,39.09452235958857,1249.9301415409652,-0.5194966582382253,0
A219BS010387,39.35310830174243,1250.358079395747,-0.517914582025856,0
A219BS010387,39.6143287328582,1250.7844141911169,-0.5163244170810976,0
A219BS010387,39.87686229508977,1251.2099416135875,-0.5147302316382563,0
A219BS010387,40.1400512697896,1251.6350639674763,-0.5131340422927062,0
A219BS010387,40.41016442153456,1252.0558185212776,-0.5110149127604434,0
A219BS010387,40.683711795081365,1252.4743470966553,-0.5086345728741338,0
A219BS010387,40.95848033792035,1252.8920759034745,-0.5064228270583182,0
A219BS010387,41.23385826688165,1253.309403676396,-0.5042953427541726,0
A219BS010387,41.50913426356139,1253.726797060115,-0.5018686413513669,0
A219BS010387,41.78883503121165,1254.1412349503732,-0.4989164059301342,0
A219BS010387,42.076918901563,1254.5498922862796,-0.4962962049291631,0
A219BS010387,42.36914816588183,1254.9555966562364,-0.493842376561357,0
A219BS010387,42.66343728416558,1255.3598098364832,-0.4914717701939198,0
A219BS010387,42.96785371085766,1255.7564512899032,-0.488982475335372,0
A219BS010387,43.28668201629522,1256.141601264918,-0.4861525640269588,0
A219BS010387,43.61255150059769,1256.5208110839626,-0.4831538408797243,0
A219BS010387,43.94511057306907,1256.8941704997071,-0.4804686981091052,0
A219BS010387,44.280969005771176,1257.2645658571034,-0.4779403780505145,0
A219BS010387,44.62452845804576,1257.627829091667,-0.4753470853212961,0
A219BS010387,44.971874323481885,1257.9874733014412,-0.4727217967123205,0
A219BS010387,45.33033485423432,1258.3360376664302,-0.4697332598670617,0
A219BS010387,45.69709553696266,1258.675865713681,-0.4678624562668425,0
A219BS010387,46.06791514465201,1259.0112626346738,-0.466549466611747,0
A219BS010387,46.452641646755815,1259.3306095027658,-0.4647898021986448,0
A219BS010387,46.84827112878119,1259.636350054008,-0.464621640335454,0
A219BS010387,47.24915203030427,1259.9351712585865,-0.4652465310309802,0
A219BS010387,47.66392671288458,1260.214387938543,-0.4651552924055353,0
A219BS010387,48.09067257988341,1260.4749363124326,-0.4667395470825098,0
A219BS010387,48.53612467547527,1260.7020252596292,-0.4684832770019154,0
A219BS010387,48.99397732948034,1260.9029432117711,-0.4701931681008686,0
A219BS010387,49.46431464104453,1261.072589023236,-0.4719572551202117,0
A219BS010387,49.940798533347454,1261.224115046442,-0.4736790760248717,0
A219BS010387,50.42924239534436,1261.3309693712042,-0.4758578273026985,0
A219BS010387,50.92268194082963,1261.4116602384752,-0.4783874301111782,0
A219BS010387,51.42089508559771,1261.453725404593,-0.482153619140921,0
A219BS010387,51.920508507548206,1261.4730709052124,-0.4856436352851563,0
A219BS010387,52.42045034417748,1261.466027983553,-0.488568911724013,0
A219BS010387,52.91962211306028,1261.4374902890313,-0.4921945346781134,0
A219BS010387,53.41612484190627,1261.3785278957969,-0.4951059660347987,0
A219BS010387,53.91065327793304,1261.304804922106,-0.4976650891483692,0
A219BS010387,54.40284926116023,1261.216900406115,-0.5016538437635246,0
A219BS010387,54.89056766575473,1261.1068100280806,-0.5049502788127208,0
A219BS010387,55.375749025264525,1260.986019708696,-0.5079078330700602,0
A219BS010387,55.854147062725325,1260.8406479785822,-0.5094498568678106,0
A219BS010387,56.32798786491815,1260.6810412928655,-0.5102244869573006,0
A219BS010387,56.79679210488692,1260.5071952880764,-0.5106133393045932,0
A219BS010387,57.260087344333584,1260.31915943098,-0.5108071230594893,0
A219BS010387,57.72056228926798,1260.1243189443658,-0.5109064383890197,0
A219BS010387,58.17529371851889,1259.916426693087,-0.5112794125039561,0
A219BS010387,58.625724894169245,1259.699374332886,-0.51110931422608,0
A219BS010387,59.07401128444817,1259.4779265395268,-0.5106767555307489,0
A219BS010387,59.51950877132015,1259.250920132182,-0.5103935327769508,0
A219BS010387,59.96324888377637,1259.0204975453178,-0.5100139803024067,0
A219BS010387,60.4061306604831,1258.788429558905,-0.5095879012527126,0
A219BS010387,60.84822896367623,1258.5548722320807,-0.5093321660474264,0
A219BS010387,61.28918459086379,1258.319164909234,-0.5088930669333451,0
A219BS010387,61.72869073689867,1258.0807653680097,-0.5088134333581259,0
A219BS010387,62.16749075084665,1257.8410686034877,-0.5089074386452687,0
A219BS010387,62.60773527990644,1257.6040353728354,-0.5089543371998964,0
A219BS010387,63.048793216513566,1257.3685193039123,-0.5092333264180126,0
A219BS010387,63.490242136195846,1257.1337370678757,-0.5096244181534979,0
A219BS010387,63.92941759406389,1256.8947289489429,-0.5098149193835798,0
A219BS010387,64.36748037480315,1256.653687476641,-0.5099085219490226,0
A219BS010387,64.80500236206298,1256.4116657658917,-0.5099553223484554,0
A219BS010387,65.24193953896877,1256.1685906286496,-0.5105726490584878,0
A219BS010387,65.6785931498675,1255.9250073228695,-0.5114655288623516,0
A219BS010387,66.1153319953554,1255.6815761722614,-0.5121406254822123,0
A219BS010387,66.55211195868029,1255.4382185365923,-0.5127105372644847,0
A219BS010387,66.98891176970027,1255.1948964134344,-0.5132296469512002,0
A219BS010387,67.42559628315647,1254.9513682273248,-0.5140409900827292,0
A219BS010387,67.8622250219831,1254.70774056633,-0.5149934757371011,0
A219BS010387,68.29877953621272,1254.4639807363317,-0.5161342583222461,0
A219BS010387,68.73551322383616,1254.2205403063251,-0.5167999406814734,0
A219BS010387,69.17233322336969,1253.9772542653754,-0.5172361591429003,0
A219BS010387,69.60919485718463,1253.7340428202904,-0.517561551398956,0
A219BS010387,70.04586343725666,1253.4904856653218,-0.5182423167809384,0
A219BS010387,70.48243859940743,1253.2467616385975,-0.5190947195461763,0
A219BS010387,70.91896417901769,1253.0029497639314,-0.5201847276238788,0
A219BS010387,71.35562224556706,1252.7593740703796,-0.5209685822733321,0
A219BS010387,71.79234419591882,1252.515912505448,-0.5216045713051948,0
A219BS010387,72.22909697635461,1252.2725060757082,-0.5221691444774883,0
A219BS010387,72.66569540625484,1252.028822962307,-0.522761809469927,0
A219BS010387,73.10221922498324,1251.7850062521234,-0.5233680421051512,0
A219BS010387,73.53871890333501,1251.5411474501543,-0.5243248603557695,0
A219BS010387,73.97530803529422,1251.2974484038948,-0.525164328756424,0
A219BS010387,74.41194034176446,1251.0538265325763,-0.5259471197499195,0
A219BS010387,74.84859349365283,1250.81024193887,-0.5267025368171651,0
A219BS010387,75.28525569787575,1250.5666735366306,-0.5274460646378158,0
A219BS010643,75.61095856438624,1250.3849978018552,-0.5280006561279293,2
A219BS010643,76.07014658466575,1250.1871552680673,-0.5301671870297591,2
A219BS010643,76.52933460494526,1249.989312734279,-0.5323337179315887,2
A219BS010643,76.98852262522477,1249.7914702004914,-0.5345002488334184,2
A219BS010643,77.44771064550429,1249.5936276667037,-0.536666779735248,2
A219BS010643,77.9069098472161,1249.3958110851631,-0.5388331626568305,2
A219BS010643,78.36611463909405,1249.1980074799835,-0.5409994715856941,2
A219BS010643,78.82532222591753,1249.000210363044,-0.5431657435175496,2
A219BS010643,79.28453121017938,1248.802416490239,-0.545331996950739,2
A219BS010643,79.74374089315181,1248.6046242395048,-0.5474982411345546,2
A219BS010643,80.20295092547741,1248.406832799807,-0.5496644806936734,2
A219BS010643,80.66216113247906,1248.2090417656275,-0.5518307179404411,2
A219BS010643,81.1213712635871,1248.0112508502211,-0.5540237228162653,2
A219BS010643,81.58058135625475,1247.8134599944135,-0.5562301115042563,2
A219BS010643,82.03979142957884,1247.6156691684585,-0.5584431920977168,2
A219BS010643,82.4990014932003,1247.417878357443,-0.5606596186437506,2
A219BS010643,82.98492838860905,1247.300100190407,-0.5588277649311407,2
A219BS010643,83.47914043995368,1247.2243410245542,-0.5549551566355613,2
A219BS010643,83.9761093595753,1247.1695856148413,-0.5500829869673308,2
A219BS010643,84.47410556501468,1247.1251891348224,-0.5447227696284619,2
A219BS010643,84.9725266844487,1247.0858821259765,-0.5391239520990502,2
A219BS010643,85.47245690008111,1247.0788294332897,-0.5346474553006189,2
A219BS010643,85.97236385092252,1247.0876436508572,-0.5307295388748093,2
A219BS010643,86.47207559873652,1247.104223694461,-0.5270865660823024,2
A219BS010643,86.97164787055128,1247.1246010853934,-0.5235784080692844,2
A219BS010643,87.4579722713362,1247.2407036814943,-0.5206179385420787,2
A219BS010643,87.93087401302296,1247.4030519046933,-0.517972728954601,2
A219BS010643,88.39573556881444,1247.58716480938,-0.5154883226053792,2
A219BS010643,88.85639968306435,1247.781542757552,-0.5130826819753592,2
A219BS010643,89.31498128709863,1247.9807845872604,-0.5107150384716489,2
A219BS010643,89.74622052080376,1248.2338286804404,-0.5095275115863435,2
A219BS010643,90.16207983005144,1248.511426695343,-0.5089134804951706,2
A219BS010643,90.57015755772244,1248.8003426894647,-0.5085721308992316,2
A219BS010643,90.97444939430586,1249.094533215788,-0.5083597782257238,2
A219BS010643,91.3769290247024,1249.391198219106,-0.5082083772969266,2
A219BS010643,91.75552973078894,1249.7177888991996,-0.5080266446583303,2
A219BS010643,92.12204093847728,1250.0578910843255,-0.5078309116718129,2
A219BS010643,92.48268772947502,1250.404205755169,-0.5076286700215972,2
A219BS010643,92.8405377366678,1250.7534096071097,-0.5074233852231304,2
A219BS010643,93.1970636630876,1251.1039651962258,-0.5072166730150433,2
A219BS010643,93.52378463843108,1251.482453175482,-0.5077204876466905,2
A219BS010643,93.8356725386682,1251.8732539369068,-0.508558673525136,2
A219BS010643,94.14043890953174,1252.269633136396,-0.5095533608666661,2
A219BS010643,94.44183314554974,1252.6685822234103,-0.5106212867696427,2
A219BS010643,94.74163991394371,1253.0687255561631,-0.5117235020856962,2
A219BS010643,95.04070129698984,1253.4694262407552,-0.5128417766147614,2
A219BS010643,95.33867401967198,1253.870936700681,-0.514109493997028,2
A219BS010643,95.63613592883227,1254.2728255199806,-0.5154472237768923,2
A219BS010643,95.93336041036218,1254.674889855627,-0.516817472096453,2
A219BS010401,96.18995859479764,1255.0219977991655,-0.5180004272460934,0
A219BS010401,96.4401004442866,1255.454927812809,-0.5188118586142328,0
A219BS010401,96.69024229377555,1255.8878578264523,-0.5196232899823723,0
A219BS010401,96.94038414326452,1256.320787840096,-0.5204347213505117,0
A219BS010401,97.19021062196408,1256.753900516181,-0.5208093613657319,0
A219BS010401,97.43987929387131,1257.18710431332,-0.5209656053459474,0
A219BS010401,97.6894690321192,1257.6203536183953,-0.5210126513382891,0
A219BS010401,97.9389855129728,1258.0536451201851,-0.5210287468226292,0
A219BS010401,98.18846536212608,1258.486957715047,-0.5210293670656051,0
A219BS010401,98.43792689468664,1258.920280855119,-0.5210222496945562,0
A219BS010401,98.68575117886976,1259.3545421989236,-0.5205645968244113,0
A219BS010401,98.93275543272138,1259.7892701968713,-0.5198816768650002,0
A219BS010401,99.17934932525704,1260.2242309068915,-0.5190861250058374,0
A219BS010401,99.42573795211236,1260.659307818344,-0.5182342580233371,0
A219BS010401,99.67202392548164,1261.0944427915178,-0.5173542338528878,0
A219BS010401,99.91720187815734,1261.5302023673364,-0.5161864991755143,0
A219BS010401,100.161825198744,1261.9662731308224,-0.5148749131795703,0
A219BS010401,100.40617105095794,1262.402499207996,-0.5134914033127737,0
A219BS010401,100.65037813209602,1262.8388028713132,-0.5120719322663561,0
A219BS010401,100.89451581902472,1263.27514530972,-0.5106344809617208,0
A219BS010401,101.13861880695056,1263.711507131026,-0.509188039680732,0
A219BS010401,101.38140546912196,1264.148603140885,-0.5078785218149244,0
A219BS010401,101.62353314066308,1264.586064739729,-0.5066374694913481,0
A219BS010401,101.86533111504896,1265.0237087539351,-0.50543065036874,0
A219BS010401,102.10696419236837,1265.4614438799565,-0.5042409477497153,0
A219BS010401,102.3485148099451,1265.899224537416,-0.5030598032635838,0
A219BS010401,102.58757390867792,1266.3383714100048,-0.5021813907571525,0
A219BS010401,102.82538432121082,1266.7781960103964,-0.5014543548304939,0
A219BS010401,103.06256968291471,1267.2183581168292,-0.5008030069402226,0
A219BS010401,103.2994423503618,1267.658688632497,-0.5001895020275187,0
A219BS010401,103.53615863202384,1268.0991032649354,-0.4995949179139966,0
A219BS010401,103.77279671284424,1268.5395599328783,-0.4990097938203474,0
A219BS010401,104.0091389494888,1268.980175430624,-0.4984350554628798,0
A219BS010401,104.24533323040168,1269.420870265268,-0.4978655098473901,0
A219BS010401,104.4814535266689,1269.8616047479886,-0.4972985605141558,0
A219BS010401,104.71753682972728,1270.302359049222,-0.4967329092714892,0
A219BS010401,104.95360163636336,1270.7431232581143,-0.4961679070473069,0
A219BS010401,105.18965719503548,1271.183892420329,-0.4956032293185909,0
A219BS010401,105.42562985617528,1271.624706175004,-0.4952332513173749,0
A219BS010401,105.66156105379828,1272.0655421940176,-0.4949606189723812,0
A219BS010401,105.89747151643095,1272.5063893369838,-0.4947366573348105,0
A219BS010401,106.13337161098757,1272.947242039751,-0.4945370299881423,0
A219BS010401,106.36926652147432,1273.388097521814,-0.4943495692551343,0
A219BS010401,106.60515894321456,1273.8289543380024,-0.4941679492756261,0
